1.000000000000000021e-03,1.145193836719453628e+00,3.623347432043988192e+03,1.265038035266346714e-03,1.265386748478869894e+00,2.289664003088858202e+00
1.047128548050898535e-03,1.145223950508705180e+00,3.460508891374920040e+03,1.324640237414434658e-03,1.265386739127051463e+00,2.289690148883242848e+00
1.096478196143185150e-03,1.145255481588878244e+00,3.304999291944975084e+03,1.387049746037294666e-03,1.265386728873985733e+00,2.289717525323304415e+00
1.148153621496881584e-03,1.145288496569095038e+00,3.156488777044376093e+03,1.452398705526665446e-03,1.265386717632870583e+00,2.289746190256571889e+00
1.202264434617413219e-03,1.145323065179791877e+00,3.014662335959989377e+03,1.520825472644132771e-03,1.265386705308549020e+00,2.289776204242308211e+00
1.258925411794166189e-03,1.145359260418105762e+00,2.879219135795444345e+03,1.592474907818235055e-03,1.265386691796713148e+00,2.289807630677915817e+00
1.318256738556407509e-03,1.145397158699942963e+00,2.749871883364162841e+03,1.667498680027454166e-03,1.265386676983015768e+00,2.289840535931157106e+00
1.380384264602883783e-03,1.145436840019037783e+00,2.626346215802047482e+03,1.746055585895582530e-03,1.265386660742109370e+00,2.289874989478466016e+00
1.445439770745927987e-03,1.145478388113314594e+00,2.508380118607019085e+03,1.828311883654393146e-03,1.265386642936600969e+00,2.289911064049630074e+00
1.513561248436207226e-03,1.145521890638830698e+00,2.395723369871148861e+03,1.914441642657702895e-03,1.265386623415857947e+00,2.289948835779020975e+00
1.584893192461114082e-03,1.145567439351844241e+00,2.288137009526509246e+03,2.004627109162052372e-03,1.265386602014830553e+00,2.289988384364101570e+00
1.659586907437559777e-03,1.145615130298863749e+00,2.185392832478691162e+03,2.099059089120316069e-03,1.265386578552525565e+00,2.290029793230501820e+00
1.737800828749376482e-03,1.145665064015743528e+00,2.087272904553312401e+03,2.197937348769210195e-03,1.265386552830588540e+00,2.290073149705397437e+00
1.819700858609982642e-03,1.145717345735640880e+00,1.993569100228411344e+03,2.301471033824976486e-03,1.265386524631602061e+00,2.290118545198386535e+00
1.905460717963248412e-03,1.145772085606477031e+00,1.904082661172273674e+03,2.409879108138654902e-03,1.265386493717261862e+00,2.290166075390701383e+00
1.995262314968878920e-03,1.145829398918267295e+00,1.818623774650403448e+03,2.523390812699430243e-03,1.265386459826368437e+00,2.290215840433021732e+00
2.089296130854040746e-03,1.145889406340769634e+00,1.737011170907234145e+03,2.642246145914142752e-03,1.265386422672639899e+00,2.290267945152310247e+00
2.187761623949551620e-03,1.145952234171866868e+00,1.659071738668707894e+03,2.766696366131346074e-03,1.265386381942297467e+00,2.290322499267992473e+00
2.290867652767774546e-03,1.146018014597179668e+00,1.584640157950029334e+03,2.897004517421202137e-03,1.265386337291446672e+00,2.290379617617959607e+00
2.398832919019489897e-03,1.146086885961368429e+00,1.513558549389848622e+03,3.033445979666106115e-03,1.265386288343190557e+00,2.290439420394768888e+00
2.511886431509577269e-03,1.146158993051619390e+00,1.445676139366942152e+03,3.176309044063204898e-03,1.265386234684458655e+00,2.290502033392471049e+00
2.630267991895381303e-03,1.146234487393871904e+00,1.380848940189169298e+03,3.325895515187308332e-03,1.265386175862562190e+00,2.290567588264598164e+00
2.754228703338163376e-03,1.146313527562275114e+00,1.318939444676284438e+03,3.482521340812243585e-03,1.265386111381396450e+00,2.290636222793686727e+00
2.884031503126605923e-03,1.146396279502468030e+00,1.259816334488758002e+03,3.646517270740238115e-03,1.265386040697292547e+00,2.290708081172896815e+00
3.019951720402013103e-03,1.146482916869220325e+00,1.203354201583988925e+03,3.818229545941835817e-03,1.265385963214456178e+00,2.290783314300159912e+00
3.162277660168378961e-03,1.146573621379199936e+00,1.149433282209074378e+03,3.998020619364894140e-03,1.265385878280065990e+00,2.290862080085716457e+00
3.311311214825907873e-03,1.146668583179033307e+00,1.097939202865763491e+03,4.186269909827033432e-03,1.265385785178699374e+00,2.290944543772687414e+00
3.467368504525316676e-03,1.146768001229953704e+00,1.048762737709001613e+03,4.383374590467665859e-03,1.265385683126452721e+00,2.291030878272551252e+00
3.630780547701010098e-03,1.146872083709172152e+00,1.001799576864269966e+03,4.589750413294816853e-03,1.265385571264389108e+00,2.291121264515061817e+00
3.801893963205612258e-03,1.146981048428884709e+00,9.569501051723543696e+02,4.805832571427324194e-03,1.265385448651397349e+00,2.291215891813676908e+00
3.981071705534969078e-03,1.147095123273535133e+00,9.141191908922600078e+02,5.032076600697797837e-03,1.265385314256332938e+00,2.291314958246949196e+00
4.168693834703355271e-03,1.147214546656145640e+00,8.732159839140369968e+02,5.268959322350808515e-03,1.265385166949480666e+00,2.291418671056696610e+00
4.365158322401656646e-03,1.147339567994376308e+00,8.341537230535408298e+02,5.516979828639983000e-03,1.265385005493153692e+00,2.291527247063449124e+00
4.570881896148752156e-03,1.147470448207132065e+00,7.968495520203302931e+02,5.776660513201268242e-03,1.265384828531433747e+00,2.291640913099951327e+00
4.786300923226381038e-03,1.147607460232500154e+00,7.612243436684009339e+02,6.048548148153598709e-03,1.265384634578947676e+00,2.291759906463418428e+00
5.011872336272724625e-03,1.147750889567797250e+00,7.272025321569000198e+02,6.333215009956034806e-03,1.265384422008563048e+00,2.291884475387201192e+00
5.248074602497722861e-03,1.147901034832603306e+00,6.947119526648816645e+02,6.631260056129159412e-03,1.265384189037946694e+00,2.292014879532699556e+00
5.495408738576248141e-03,1.148058208355603016e+00,6.636836883200569446e+02,6.943310155030725517e-03,1.265383933714850917e+00,2.292151390502228825e+00
5.754399373371566623e-03,1.148222736786102427e+00,6.340519240168995339e+02,7.270021370958699297e-03,1.265383653901013705e+00,2.292294292373615594e+00
6.025595860743581354e-03,1.148394961731103781e+00,6.057538068139962206e+02,7.612080306941456861e-03,1.265383347254548152e+00,2.292443882257312548e+00
6.309573444801929408e-03,1.148575240419014154e+00,5.787293126145983706e+02,7.970205507663098363e-03,1.265383011210770903e+00,2.292600470877195207e+00
6.606934480075965163e-03,1.148763946390366941e+00,5.529211188474313303e+02,8.345148925059874337e-03,1.265382642960991344e+00,2.292764383174790144e+00
6.918309709189362708e-03,1.148961470217326752e+00,5.282744828779267436e+02,8.737697449220316326e-03,1.265382239429641453e+00,2.292935958939456231e+00
7.244359600749906113e-03,1.149168220252174910e+00,5.047371258917633554e+02,9.148674507310479084e-03,1.265381797249031548e+00,2.293115553463891398e+00
7.585775750291836803e-03,1.149384623406147332e+00,4.822591220045468958e+02,9.578941733344859336e-03,1.265381312731900909e+00,2.293303538226660443e+00
7.943282347242805116e-03,1.149611125959397517e+00,4.607927923623524293e+02,1.002940071171922257e-02,1.265380781841310753e+00,2.293500301602263480e+00
8.317637711026708985e-03,1.149848194403164658e+00,4.402926040085326349e+02,1.050099479752086493e-02,1.265380200157822488e+00,2.293706249599851699e+00
8.709635899560795938e-03,1.150096316315046607e+00,4.207150733022688769e+02,1.099471101673092470e-02,1.265379562843599315e+00,2.293921806631363136e+00
9.120108393559096804e-03,1.150356001268372452e+00,4.020186736839920627e+02,1.151158204953485996e-02,1.265378864603216913e+00,2.294147416310033716e+00
9.549925860214350179e-03,1.150627781776603520e+00,3.841637475920496172e+02,1.205268830005735460e-02,1.265378099640827703e+00,2.294383542280127308e+00
1.000000000000000021e-02,1.150912214273752232e+00,3.671124223437652745e+02,1.261916005594112579e-02,1.265377261613416682e+00,2.294630669078866703e+00
1.047128548050898535e-02,1.151209880131714325e+00,3.508285298024829331e+02,1.321217974128893399e-02,1.265376343579758700e+00,2.294889303031384831e+00
1.096478196143185063e-02,1.151521386715413486e+00,3.352775296601741957e+02,1.383298426659087567e-02,1.265375337944688372e+00,2.295159973179559998e+00
1.148153621496881757e-02,1.151847368476690114e+00,3.204264361729116217e+02,1.448286747935813995e-02,1.265374236398300045e+00,2.295443232245688137e+00
1.202264434617413176e-02,1.152188488087693807e+00,3.062437481937746497e+02,1.516318271928390228e-02,1.265373029849587105e+00,2.295739657631676423e+00
1.258925411794166276e-02,1.152545437614656221e+00,2.926993823548045270e+02,1.587534548184882724e-02,1.265371708354082303e+00,2.296049852454708162e+00
1.318256738556407466e-02,1.152918939732809678e+00,2.797646092562661124e+02,1.662083619438364454e-02,1.265370261034947097e+00,2.296374446620181864e+00
1.380384264602883999e-02,1.153309748982905392e+00,2.674119925278574783e+02,1.740120310868927336e-02,1.265368675996866754e+00,2.296714097932206045e+00
1.445439770745927943e-02,1.153718653070344491e+00,2.556153306326351071e+02,1.821806531440821331e-02,1.265366940232296011e+00,2.297069493243103722e+00
1.513561248436207270e-02,1.154146474207101702e+00,2.443496012901910035e+02,1.907311587741595052e-02,1.265365039519233070e+00,2.297441349641845765e+00
1.584893192461114125e-02,1.154594070497038327e+00,2.335909084012023982e+02,1.996812510758270640e-02,1.265362958309873331e+00,2.297830415682277305e+00
1.659586907437559863e-02,1.155062337364894942e+00,2.233164313607828433e+02,2.090494396032246266e-02,1.265360679609349726e+00,2.298237472651534663e+00
1.737800828749376178e-02,1.155552209029186761e+00,2.135043766531096878e+02,2.188550757641044911e-02,1.265358184843712541e+00,2.298663335879036484e+00
1.819700858609982555e-02,1.156064660019036738e+00,2.041339316246701401e+02,2.291183896459943192e-02,1.265355453716256351e+00,2.299108856086273800e+00
1.905460717963248368e-02,1.156600706734892459e+00,1.951852203380584285e+02,2.398605283161147489e-02,1.265352464051194614e+00,2.299574920777588627e+00
1.995262314968878833e-02,1.157161409052851919e+00,1.866392614127003355e+02,2.511035956410831438e-02,1.265349191623675873e+00,2.300062455671940675e+00
2.089296130854040659e-02,1.157747871972139242e+00,1.784779277630677825e+02,2.628706936726364282e-02,1.265345609974954266e+00,2.300572426175493845e+00
2.187761623949551967e-02,1.158361247305093267e+00,1.706839081489968351e+02,2.751859656456051573e-02,1.265341690211559067e+00,2.301105838894778266e+00
2.290867652767774806e-02,1.159002735408751317e+00,1.632406704565427447e+02,2.880746406342439905e-02,1.265337400787134303e+00,2.301663743189898526e+00
2.398832919019489723e-02,1.159673586956902147e+00,1.561324266314985323e+02,3.015630799126723521e-02,1.265332707265577561e+00,2.302247232767138829e+00
2.511886431509577008e-02,1.160375104751125264e+00,1.493440991911869276e+02,3.156788250646575672e-02,1.265327572063948525e+00,2.302857447309963668e+00
2.630267991895381477e-02,1.161108645569272957e+00,1.428612892435110382e+02,3.304506478872201725e-02,1.265321954173694197e+00,2.303495574147637281e+00
2.754228703338163289e-02,1.161875622048893941e+00,1.366702459454061511e+02,3.459086021314384390e-02,1.265315808858217039e+00,2.304162849959186410e+00
2.884031503126605750e-02,1.162677504603756962e+00,1.307578373359387740e+02,3.620840771227105265e-02,1.265309087325335646e+00,2.304860562512159650e+00
3.019951720402012582e-02,1.163515823370218305e+00,1.251115224821735552e+02,3.790098533009478993e-02,1.265301736372468566e+00,2.305590052433299064e+00
3.162277660168379134e-02,1.164392170180370556e+00,1.197193248787275195e+02,3.967201597193992235e-02,1.265293698002602385e+00,2.306352715009101217e+00
3.311311214825907873e-02,1.165308200558252238e+00,1.145698070446009922e+02,4.152507335384410248e-02,1.265284909008837388e+00,2.307150002013487189e+00
3.467368504525316503e-02,1.166265635735002304e+00,1.096520462633945385e+02,4.346388815480987239e-02,1.265275300525309454e+00,2.307983423559553771e+00
3.630780547701010358e-02,1.167266264678221699e+00,1.049556114154664073e+02,4.549235437498957285e-02,1.265264797542009489e+00,2.308854549971782077e+00
3.801893963205612431e-02,1.168311946130347723e+00,1.004705408528825501e+02,4.761453590251991247e-02,1.265253318380983982e+00,2.309765013674766720e+00
3.981071705534969252e-02,1.169404610650245813e+00,9.618732127024182432e+01,4.983467329131678614e-02,1.265240774131299872e+00,2.310716511094047743e+00
4.168693834703354750e-02,1.170546262651583236e+00,9.209686752655346709e+01,5.215719075169546193e-02,1.265227068039918246e+00,2.311710804564037769e+00
4.365158322401656299e-02,1.171738982430934328e+00,8.819050337537812823e+01,5.458670335517059463e-02,1.265212094855622693e+00,2.312749724237582072e+00
4.570881896148751289e-02,1.172984928177893238e+00,8.445994306235557758e+01,5.712802445423395548e-02,1.265195740122942780e+00,2.313835169991106611e+00
4.786300923226380344e-02,1.174286337958761139e+00,8.089727375109519869e+01,5.978617331727695272e-02,1.265177879422960006e+00,2.314969113318728677e+00
5.011872336272725492e-02,1.175645531664627264e+00,7.749493874015060157e+01,6.256638297814193228e-02,1.265158377557698000e+00,2.316153599208038205e+00
5.248074602497722341e-02,1.177064912913938999e+00,7.424572143548876113e+01,6.547410829902400309e-02,1.265137087674818028e+00,2.317390747989700461e+00
5.495408738576247620e-02,1.178546970898966206e+00,7.114273004445898607e+01,6.851503424462783431e-02,1.265113850329187217e+00,2.318682757152501939e+00
5.754399373371566623e-02,1.180094282164375619e+00,6.817938295879653765e+01,7.169508436456141498e-02,1.265088492477691506e+00,2.320031903114049054e+00
6.025595860743581528e-02,1.181709512306083898e+00,6.534939479566787668e+01,7.502042948000428590e-02,1.265060826404018846e+00,2.321440542938076224e+00
6.309573444801930275e-02,1.183395417576972752e+00,6.264676306714795828e+01,7.849749656959775779e-02,1.265030648569642313e+00,2.322911115987109643e+00
6.606934480075964122e-02,1.185154846385654270e+00,6.006575544985710735e+01,8.213297784838641258e-02,1.264997738387507065e+00,2.324446145499340144e+00
6.918309709189361667e-02,1.186990740673665723e+00,5.760089762776182454e+01,8.593384003241617830e-02,1.264961856914926797e+00,2.326048240077807971e+00
7.244359600749905592e-02,1.188906137155574250e+00,5.524696168235304583e+01,8.990733378028979705e-02,1.264922745462240927e+00,2.327720095079075957e+00
7.585775750291835762e-02,1.190904168405798380e+00,5.299895500558181993e+01,9.406100330159047895e-02,1.264880124113856974e+00,2.329464493888044441e+00
7.943282347242820729e-02,1.192988063775230589e+00,5.085210971203506602e+01,9.840269612062098326e-02,1.264833690158572832e+00,2.331284309064852955e+00
8.317637711026708291e-02,1.195161150120080507e+00,4.880187252789908570e+01,1.029405729823405224e-01,1.264783116426138720e+00,2.333182503349196857e+00
8.709635899560795591e-02,1.197426852324759539e+00,4.684389513526225102e+01,1.076831178857587112e-01,1.264728049527428233e+00,2.335162130506790223e+00
9.120108393559095417e-02,1.199788693600135181e+00,4.497402495127930422e+01,1.126391482283247980e-01,1.264668107995823521e+00,2.337226336002213412e+00
9.549925860214349138e-02,1.202250295538028091e+00,4.318829632263830831e+01,1.178178250430670232e-01,1.264602880327841739e+00,2.339378357481868509e+00
1.000000000000000056e-01,1.204815377902556994e+00,4.148292211665067697e+01,1.232286633083883587e-01,1.264531922921567242e+00,2.341621525050464836e+00
1.047128548050899610e-01,1.207487758138699796e+00,3.985428569112827546e+01,1.288815423084955225e-01,1.264454757911903204e+00,2.343959261324054300e+00
1.096478196143185063e-01,1.210271350578426830e+00,3.829893322600878491e+01,1.347867160204839210e-01,1.264370870902397748e+00,2.346395081242535152e+00
1.148153621496882937e-01,1.213170165324966465e+00,3.681356640046299589e+01,1.409548235020784135e-01,1.264279708594116647e+00,2.348932591624610211e+00
1.202264434617413003e-01,1.216188306795694007e+00,3.539503539993957304e+01,1.473968992519697208e-01,1.264180676312730789e+00,2.351575490447587402e+00
1.258925411794167559e-01,1.219329971905292131e+00,3.404033223831294919e+01,1.541243835126544781e-01,1.264073135436196704e+00,2.354327565835863556e+00
1.318256738556407570e-01,1.222599447870754696e+00,3.274658438095333679e+01,1.611491324835694350e-01,1.263956400726069296e+00,2.357192694740852801e+00
1.380384264602885214e-01,1.226001109621154050e+00,3.151104865518016140e+01,1.684834284102751933e-01,1.263829737566758649e+00,2.360174841296455384e+00
1.445439770745927943e-01,1.229539416795746298e+00,3.033110543515848079e+01,1.761399895133938798e-01,1.263692359117847053e+00,2.363278054833905628e+00
1.513561248436207096e-01,1.233218910315007077e+00,2.920425308886786553e+01,1.841319797190310581e-01,1.263543423385453446e+00,2.366506467540022918e+00
1.584893192461112599e-01,1.237044208509493481e+00,2.812810267530209885e+01,1.924730181504963333e-01,1.263382030218564545e+00,2.369864291741377915e+00
1.659586907437559655e-01,1.241020002790867549e+00,2.710037288054313720e+01,2.011771883393370375e-01,1.263207218235139928e+00,2.373355816793490281e+00
1.737800828749374582e-01,1.245151052846716233e+00,2.611888518177592999e+01,2.102590471120662219e-01,1.263017961679153256e+00,2.376985405546425678e+00
1.819700858609982486e-01,1.249442181334338597e+00,2.518155922865929242e+01,2.197336331075392946e-01,1.262813167202126774e+00,2.380757490343117233e+00
1.905460717963246564e-01,1.253898268036159225e+00,2.428640843171518782e+01,2.296164748788432353e-01,1.262591670548752543e+00,2.384676568480121439e+00
1.995262314968878903e-01,1.258524243418324584e+00,2.343153574752590984e+01,2.399235985330413212e-01,1.262352233103612775e+00,2.388747197017782931e+00
2.089296130854038924e-01,1.263325081496570856e+00,2.261512965051728941e+01,2.506715348614794725e-01,1.262093538217818889e+00,2.392973986753933691e+00
2.187761623949552037e-01,1.268305791874581478e+00,2.183546028093680746e+01,2.618773259170324441e-01,1.261814187194789882e+00,2.397361595099423592e+00
2.290867652767772378e-01,1.273471410728836961e+00,2.109087575838490380e+01,2.735585309921881869e-01,1.261512694728000206e+00,2.401914717424001644e+00
2.398832919019490140e-01,1.278826990454264623e+00,2.037979864987620005e+01,2.857332319629120043e-01,1.261187483528648956e+00,2.406638076328781572e+00
2.511886431509579576e-01,1.284377587558810374e+00,1.970072258111984809e+01,2.984200379655849167e-01,1.260836877771026154e+00,2.411536408072082249e+00
2.630267991895381408e-01,1.290128248294239111e+00,1.905220897953846659e+01,3.116380893879193148e-01,1.260459094904702537e+00,2.416614445195341521e+00
2.754228703338166273e-01,1.296083991399112012e+00,1.843288393771183209e+01,3.254070611694127035e-01,1.260052235306497792e+00,2.421876894202313668e+00
2.884031503126605611e-01,1.302249787245138624e+00,1.784143518658147087e+01,3.397471654276278952e-01,1.259614269207616655e+00,2.427328407006211997e+00
3.019951720402015982e-01,1.308630532635387311e+00,1.727660916901242061e+01,3.546791534527539702e-01,1.259143020349162034e+00,2.432973544804332366e+00
3.162277660168379412e-01,1.315231020526246519e+00,1.673720820626478911e+01,3.702243171448473813e-01,1.258636145912777060e+00,2.438816733111245583e+00
3.311311214825911065e-01,1.322055904053224706e+00,1.622208775255552382e+01,3.864044900054160459e-01,1.258091112456690919e+00,2.444862206911626146e+00
3.467368504525317197e-01,1.329109654445707722e+00,1.573015373608119738e+01,4.032420478357555682e-01,1.257505167865020423e+00,2.451113945300892105e+00
3.630780547701013550e-01,1.336396512722746177e+00,1.526035998820756312e+01,4.207599093435011040e-01,1.256875309681605435e+00,2.457575595567864646e+00
3.801893963205613125e-01,1.343920435446789741e+00,1.481170576650520054e+01,4.389815368841515908e-01,1.256198250626866075e+00,2.464250387400805486e+00
3.981071705534973137e-01,1.351685035282852887e+00,1.438323337934059687e+01,4.579309376415937050e-01,1.255470382547955621e+00,2.471141038744401275e+00
4.168693834703354750e-01,1.359693517571994414e+00,1.397402592329403603e+01,4.776326655399431020e-01,1.254687740487197001e+00,2.478249655676859842e+00
4.365158322401661017e-01,1.367948614602836788e+00,1.358320514482143082e+01,4.981118242403016483e-01,1.253845968913810394e+00,2.485577629487252693e+00
4.570881896148752399e-01,1.376452519647668460e+00,1.320992943795375929e+01,5.193940715700322563e-01,1.252940292405877898e+00,2.493125534775085583e+00
4.786300923226379789e-01,1.385206823107575813e+00,1.285339198816774697e+01,5.415056257353909608e-01,1.251965493150624109e+00,2.500893032815423300e+00
5.011872336272720219e-01,1.394212453237796634e+00,1.251281906979262359e+01,5.644732736506450355e-01,1.250915897529901954e+00,2.508878784566784148e+00
5.248074602497723173e-01,1.403469623882623862e+00,1.218746850050577102e+01,5.883243816848350294e-01,1.249785373769999097e+00,2.517080377518956524e+00
5.495408738576242902e-01,1.412977791437432185e+00,1.187662825200083816e+01,6.130869090822427259e-01,1.248567342178605211e+00,2.525494270091077631e+00
5.754399373371567039e-01,1.422735622888960938e+00,1.157961521121987936e+01,6.387894242562603964e-01,1.247254798902339701e+00,2.534115756534045527e+00
6.025595860743574450e-01,1.432740976274867739e+00,1.129577408202318445e+01,6.654611240826363572e-01,1.245840353453746774e+00,2.542938954298133325e+00
6.309573444801930275e-01,1.442990894498157539e+00,1.102447641358171992e+01,6.931318563264201593e-01,1.244316279653977952e+00,2.551956815013804114e+00
6.606934480075957739e-01,1.453481612386880117e+00,1.076511973806207223e+01,7.218321450630915681e-01,1.242674578710069699e+00,2.561161158407278648e+00
6.918309709189363055e-01,1.464208577005109202e+00,1.051712679950631646e+01,7.515932192124472611e-01,1.240907052975223746e+00,2.570542728563734780e+00
7.244359600749898931e-01,1.475166480057600982e+00,1.027994485400787106e+01,7.824470439555484269e-01,1.239005388101140692e+00,2.580091270003887605e+00
7.585775750291835484e-01,1.486349301159003211e+00,1.005304502230390185e+01,8.144263549237458211e-01,1.236961241193065497e+00,2.589795620908688090e+00
7.943282347242812680e-01,1.497750360307543271e+00,9.835921677059886292e+00,8.475646949651013395e-01,1.234766332355577090e+00,2.599643820149765361e+00
8.317637711026708569e-01,1.509362377715738335e+00,9.628091849229685195e+00,8.818964532782050947e-01,1.232412537019209831e+00,2.609623224535484010e+00
8.709635899560805861e-01,1.521177539063741202e+00,9.429094640450093934e+00,9.174569066926250294e-01,1.229891976564040812e+00,2.619720632623726342e+00
9.120108393559096527e-01,1.533187564256914159e+00,9.238490631254085983e+00,9.542822628744516145e-01,1.227197104990148890e+00,2.629922411578473174e+00
9.549925860214358853e-01,1.545383777871673248e+00,9.055861277746627636e+00,9.924097052435273403e-01,1.224320789697671108e+00,2.640214623822721762e+00
1.000000000000000000e+00,1.557757179641383827e+00,8.880808292099263923e+00,1.031877439404098151e+00,1.221256384800849526e+00,2.650583150623186057e+00
1.047128548050899610e+00,1.570298513545416164e+00,8.712953004652687738e+00,1.072724740910278696e+00,1.217997795783289261e+00,2.661013810191160012e+00
1.096478196143185091e+00,1.582998334304102972e+00,8.551935707490093463e+00,1.114992004213581245e+00,1.214539534682985700e+00,2.671492468368547701e+00
1.148153621496882826e+00,1.595847070323522576e+00,8.397414981005026036e+00,1.158720792663322507e+00,1.210876765353052997e+00,2.682005140442833557e+00
1.202264434617413169e+00,1.608835082374275638e+00,8.249067006244644062e+00,1.203953889458623472e+00,1.207005338668189820e+00,2.692538083092652634e+00
1.258925411794167504e+00,1.621952717510442232e+00,8.106584866675902390e+00,1.250735349477257063e+00,1.202921817826014594e+00,2.703077875878647340e+00
1.318256738556407459e+00,1.635190357932235328e+00,7.969677843540566187e+00,1.299110551930756419e+00,1.198623494122719402e+00,2.713611492052623753e+00
1.380384264602885214e+00,1.648538464667332670e+00,7.838070709189483232e+00,1.349126253818715204e+00,1.194108393764198306e+00,2.724126358760491584e+00
1.445439770745927888e+00,1.661987616087903907e+00,7.711503022771175608e+00,1.400830644176101147e+00,1.189375276408287441e+00,2.734610406957235007e+00
1.513561248436208651e+00,1.675528541394264437e+00,7.589728432451754436e+00,1.454273399125868504e+00,1.184423626225279635e+00,2.745052111539159068e+00
1.584893192461112710e+00,1.689152149283277948e+00,7.472513988011606045e+00,1.509505737765335587e+00,1.179253636317521003e+00,2.755440522334086761e+00
1.659586907437559544e+00,1.702849552083071760e+00,7.359639467246892330e+00,1.566580478928424336e+00,1.173866187360519620e+00,2.765765286680777368e+00
1.737800828749374471e+00,1.716612085678239419e+00,7.250896719136411761e+00,1.625552098877444340e+00,1.168262821323221567e+00,2.776016664380966947e+00
1.819700858609982541e+00,1.730431325574881551e+00,7.146089026248879428e+00,1.686476789987557456e+00,1.162445711099718171e+00,2.786185535828190840e+00
1.905460717963246120e+00,1.744299099465564273e+00,7.045030488384156797e+00,1.749412520494717960e+00,1.156417626843540214e+00,2.796263404113009443e+00
1.995262314968878847e+00,1.758207496653883428e+00,6.947545428983064930e+00,1.814419095384034675e+00,1.150181899743470293e+00,2.806242391880821696e+00
2.089296130854038758e+00,1.772148874689144060e+00,6.853467825414534254e+00,1.881558218500277269e+00,1.143742383920227645e+00,2.816115233680772434e+00
2.187761623949551648e+00,1.786115863546149374e+00,6.762640763863773330e+00,1.950893555965909743e+00,1.137103417059726729e+00,2.825875264496926498e+00
2.290867652767772267e+00,1.800101367665304375e+00,6.674915919204845061e+00,2.022490800994819260e+00,1.130269780333300389e+00,2.835516405099610893e+00
2.398832919019489918e+00,1.814098566145520008e+00,6.590153059945738967e+00,2.096417740191942602e+00,1.123246658090471639e+00,2.845033144798241764e+00
2.511886431509579687e+00,1.828100911358372382e+00,6.508219578083593859e+00,2.172744321430547743e+00,1.116039597746943723e+00,2.854420522119693882e+00
2.630267991895381297e+00,1.842102126227234127e+00,6.428990043499014817e+00,2.251542723399879709e+00,1.108654470230662437e+00,2.863674103879613853e+00
2.754228703338165829e+00,1.856096200390862094e+00,6.352345782348796099e+00,2.332887426916841811e+00,1.101097431292707096e+00,2.872789963059783513e+00
2.884031503126605944e+00,1.870077385447254770e+00,6.278174478781632928e+00,2.416855288095745458e+00,1.093374883938005082e+00,2.881764655853018553e+00
3.019951720402016093e+00,1.884040189451435365e+00,6.206369799198053983e+00,2.503525613470942268e+00,1.085493442183553370e+00,2.890595198189370940e+00
3.162277660168379079e+00,1.897979370819744105e+00,6.136831038199322741e+00,2.592980237167249236e+00,1.077459896309095999e+00,2.899279042013046759e+00
3.311311214825911176e+00,1.911889931774095164e+00,6.069462785317249143e+00,2.685303600213817532e+00,1.069281179727007869e+00,2.907814051539504341e+00
3.467368504525316641e+00,1.925767111441994306e+00,6.004174611583830590e+00,2.780582832097494794e+00,1.060964337564262561e+00,2.916198479685976341e+00
3.630780547701013550e+00,1.939606378712043444e+00,5.940880774982854717e+00,2.878907834652284947e+00,1.052516497019613251e+00,2.924430944836133861e+00
3.801893963205612792e+00,1.953403424930492349e+00,5.879499943823254249e+00,2.980371368382350727e+00,1.043944839533253788e+00,2.932510408071153929e+00
3.981071705534973137e+00,1.967154156511426333e+00,5.819954937081782909e+00,3.085069141316797214e+00,1.035256574783945727e+00,2.940436150973923191e+00
4.168693834703354639e+00,1.980854687521876212e+00,5.762172480779949701e+00,3.193099900495446786e+00,1.026458916509523256e+00,2.948207754091041632e+00
4.365158322401661017e+00,1.994501332293201479e+00,5.706082979484095041e+00,3.304565526186219682e+00,1.017559060130669879e+00,2.955825076118126393e+00
4.570881896148751622e+00,2.008090598101123003e+00,5.651620302046481470e+00,3.419571128935738891e+00,1.008564162144450771e+00,2.963288233857042986e+00
4.786300923226385784e+00,2.021619177949279589e+00,5.598721580738445169e+00,3.538225149556610827e+00,9.994813212430891936e-01,2.970597582979601192e+00
5.011872336272719330e+00,2.035083943484468083e+00,5.547327022962273979e+00,3.660639462156384027e+00,9.903175611046026727e-01,2.977753699619999139e+00
5.248074602497722729e+00,2.048481938065937147e+00,5.497379734765608816e+00,3.786929480315146090e+00,9.810798147949029158e-01,2.984757362807930470e+00
5.495408738576242236e+00,2.061810370006153637e+00,5.448825555420510725e+00,3.917214266520575361e+00,9.717749107156045119e-01,2.991609537745592018e+00
5.754399373371566817e+00,2.075066605996349622e+00,5.401612902367745050e+00,4.051616644971972825e+00,9.624095600278305129e-01,2.998311359924749286e+00
6.025595860743575116e+00,2.088248164726287825e+00,5.355692625864824308e+00,4.190263317866420145e+00,9.529903454796506690e-01,3.004864120073750922e+00
6.309573444801929831e+00,2.101352710704947668e+00,5.311017872714057120e+00,4.333284985283769153e+00,9.435237115630741300e-01,3.011269249919864777e+00
6.606934480075957516e+00,2.114378048285995515e+00,5.267543958483262401e+00,4.480816468788944462e+00,9.340159559258818245e-01,3.017528308748131494e+00
6.918309709189363055e+00,2.127322115899890065e+00,5.225228247667035752e+00,4.632996838873744139e+00,9.244732219635384274e-01,3.023642970734948587e+00
7.244359600749898931e+00,2.140182980492713494e+00,5.184030041270678346e+00,4.789969546363088249e+00,9.149014925171450319e-01,3.029615013032279425e+00
7.585775750291836594e+00,2.152958832170137615e+00,5.143910471331063050e+00,4.951882557913440230e+00,9.053065846046345344e-01,3.035446304576351562e+00
7.943282347242813124e+00,2.165647979044056370e+00,5.104832401919904505e+00,5.118888495735720134e+00,8.956941451139845967e-01,3.041138795593775868e+00
8.317637711026709013e+00,2.178248842278259101e+00,5.066760336204281678e+00,5.291144781677622255e+00,8.860696473893115988e-01,3.046694507777006677e+00
8.709635899560804972e+00,2.190759951328609123e+00,5.029660329166700805e+00,5.468813785803939176e+00,8.764383886429440995e-01,3.052115525100377091e+00
9.120108393559096527e+00,2.203179939373047347e+00,4.993499905613868250e+00,5.652062979618379224e+00,8.668054881290870872e-01,3.057403985248334344e+00
9.549925860214358408e+00,2.215507538925795217e+00,4.958247983127265002e+00,5.841065094073564445e+00,8.571758860173216421e-01,3.062562071626957927e+00
1.000000000000000000e+01,2.227741577630145464e+00,4.923874799632527832e+00,6.035998282520227853e+00,8.475543429069953838e-01,3.067592005930604770e+00
1.047128548050899610e+01,2.239880974223847687e+00,4.890351845285831445e+00,6.237046288751686873e+00,8.379454399263287501e-01,3.072496041235712294e+00
1.096478196143185002e+01,2.251924734671050476e+00,4.857651798396328324e+00,6.444398620303455338e+00,8.283535793629946964e-01,3.077276455594582849e+00
1.148153621496882870e+01,2.263871948454551752e+00,4.825748465122276620e+00,6.658250727173098404e+00,8.187829857757512597e-01,3.081935546102433587e+00
1.202264434617413080e+01,2.275721785022312815e+00,4.794616722696797062e+00,6.878804186130266451e+00,8.092377075395872366e-01,3.086475623412079816e+00
1.258925411794166749e+01,2.287473490382065933e+00,4.764232465955450024e+00,7.106266890791984814e+00,7.997216187796473141e-01,3.090899006671246507e+00
1.318256738556406660e+01,2.299126383837978072e+00,4.734572556953466460e+00,7.340853247643485346e+00,7.902384216519453553e-01,3.095208018858456089e+00
1.380384264602884414e+01,2.310679854863498139e+00,4.705614777474981025e+00,7.582784378190496000e+00,7.807916489315751551e-01,3.099404982494434968e+00
1.445439770745927355e+01,2.322133360104506217e+00,4.677337784249925079e+00,7.832288327433926334e+00,7.713846668717440069e-01,3.103492215706763258e+00
1.513561248436207940e+01,2.333486420507333126e+00,4.649721066706961281e+00,8.089600278865527017e+00,7.620206782993921291e-01,3.107472028626724558e+00
1.584893192461113287e+01,2.344738618565971766e+00,4.622744907102260825e+00,8.354962776186454221e+00,7.527027259156902073e-01,3.111346720097852181e+00
1.659586907437560299e+01,2.355889595683390070e+00,4.596390342875051438e+00,8.628625951959397966e+00,7.434336957719338557e-01,3.115118574677031127e+00
1.737800828749375270e+01,2.366939049641766601e+00,4.570639131090681317e+00,8.910847763410103539e+00,7.342163208935891250e-01,3.118789859909606665e+00
1.819700858609983385e+01,2.377886732176818008e+00,4.545473714841612889e+00,9.201894235600843075e+00,7.250531850273805867e-01,3.122362823861096093e+00
1.905460717963247319e+01,2.388732446651455010e+00,4.520877191485131341e+00,9.502039712205883504e+00,7.159467264882599657e-01,3.125839692888758403e+00
1.995262314968880091e+01,2.399476045824446402e+00,4.496833282605211757e+00,9.811567114125834266e+00,7.068992420850351843e-01,3.129222669637498289e+00
2.089296130854040001e+01,2.410117429709476955e+00,4.473326305592711272e+00,1.013076820618419127e+01,6.979128911052141504e-01,3.132513931244791827e+00
2.187761623949551648e+01,2.420656543520862236e+00,4.450341146746062293e+00,1.045994387215921861e+01,6.889896993412868431e-01,3.135715627740952804e+00
2.290867652767772356e+01,2.431093375701597559e+00,4.427863235800180597e+00,1.079940439840868116e+01,6.801315631423135999e-01,3.138829880630939595e+00
2.398832919019490006e+01,2.441427956030445934e+00,4.405878521798305414e+00,1.114946976635776998e+01,6.713402534760867235e-01,3.141858781645584298e+00
2.511886431509579509e+01,2.451660353804045567e+00,4.384373450226161317e+00,1.151046995412359664e+01,6.626174199886410987e-01,3.144804391649856701e+00
2.630267991895381741e+01,2.461790676090926500e+00,4.363334941333967265e+00,1.188274524756169015e+01,6.539645950491227433e-01,3.147668739697278006e+00
2.754228703338166184e+01,2.471819066054175451e+00,4.342750369576136471e+00,1.226664656102886042e+01,6.453831977692456867e-01,3.150453822219870581e+00
2.884031503126605855e+01,2.481745701339499455e+00,4.322607544103098220e+00,1.266253576816320958e+01,6.368745379877566171e-01,3.153161602343519831e+00
3.019951720402015738e+01,2.491570792525991784e+00,4.302894690244278841e+00,1.307078604299438851e+01,6.284398202113267162e-01,3.155794009319661253e+00
3.162277660168379612e+01,2.501294581636713144e+00,4.283600431924716290e+00,1.349178221170613412e+01,6.200801475042936328e-01,3.158352938064358018e+00
3.311311214825911264e+01,2.510917340706320555e+00,4.264713774961678361e+00,1.392592111538020383e+01,6.117965253206331111e-01,3.160840248796417562e+00
3.467368504525316553e+01,2.520439370403637636e+00,4.246224091191321826e+00,1.437361198406843421e+01,6.035898652722451185e-01,3.163257766767192170e+00
3.630780547701014171e+01,2.529860998706208175e+00,4.228121103377813661e+00,1.483527682254009328e+01,5.954609888286180874e-01,3.165607282074213824e+00
3.801893963205612437e+01,2.539182579625165914e+00,4.210394870861434491e+00,1.531135080807288418e+01,5.874106309434413697e-01,3.167890549552477619e+00
3.981071705534971272e+01,2.548404491977728448e+00,4.193035775903691587e+00,1.580228270065876295e+01,5.794394436045660068e-01,3.170109288736411735e+00
4.168693834703353218e+01,2.557527138205942574e+00,4.176034510691408741e+00,1.630853526601650216e+01,5.715479993041561180e-01,3.172265183887281736e+00
4.365158322401659063e+01,2.566550943238836258e+00,4.159382064962443337e+00,1.683058571180175633e+01,5.637367944266349351e-01,3.174359884079473115e+00
4.570881896148749490e+01,2.575476353397096574e+00,4.143069714219893562e+00,1.736892613743441416e+01,5.560062525522810883e-01,3.176395003341457635e+00
4.786300923226383475e+01,2.584303835337959931e+00,4.127089008502096590e+00,1.792406399796301031e+01,5.483567276749937713e-01,3.178372120845944337e+00
5.011872336272722350e+01,2.593033875038753155e+00,4.111431761678531416e+00,1.849652258240197966e+01,5.407885073331010206e-01,3.180292781144804071e+00
5.248074602497725749e+01,2.601666976817499588e+00,4.096090041243143354e+00,1.908684150699565407e+01,5.333018156524170772e-01,3.182158494444454089e+00
5.495408738576244900e+01,2.610203662389489754e+00,4.081056158579097648e+00,1.969557722387485299e+01,5.258968163011404906e-01,3.183970736918227740e+00
5.754399373371569482e+01,2.618644469957469578e+00,4.066322659668800021e+00,2.032330354557916863e+01,5.185736153565481121e-01,3.185730951050990356e+00
6.025595860743577958e+01,2.626989953335448380e+00,4.051882316227314540e+00,2.097061218594936349e+01,5.113322640835609167e-01,3.187440546014081555e+00
6.309573444801932851e+01,2.635240681103444782e+00,4.037728117235307224e+00,2.163811331789013792e+01,5.041727616257138944e-01,3.189100898065833523e+00
6.606934480075960892e+01,2.643397235792988909e+00,4.023853260852013669e+00,2.232643614853540370e+01,4.970950576091029416e-01,3.190713350975858731e+00
6.918309709189365719e+01,2.651460213101577423e+00,4.010251146687800805e+00,2.303622951235382388e+01,4.900990546602061460e-01,3.192279216469644076e+00
7.244359600749898220e+01,2.659430221135428152e+00,3.996915368418351377e+00,2.376816248275839882e+01,4.831846108385551286e-01,3.193799774691378879e+00
7.585775750291836061e+01,2.667307879679293059e+00,3.983839706722869245e+00,2.452292500279426690e+01,4.763515419854532085e-01,3.195276274682455231e+00
7.943282347242812591e+01,2.675093819492084357e+00,3.971018122529660577e+00,2.530122853549474726e+01,4.695996239900872560e-01,3.196709934873197323e+00
8.317637711026708303e+01,2.682788681627865657e+00,3.958444750554013236e+00,2.610380673452938893e+01,4.629285949743668915e-01,3.198101943586286300e+00
8.709635899560804262e+01,2.690393116780865679e+00,3.946113893113502691e+00,2.693141613576480253e+01,4.563381573981145078e-01,3.199453459549618017e+00
9.120108393559097237e+01,2.697907784653775565e+00,3.934020014206947913e+00,2.778483687039528505e+01,4.498279800861625377e-01,3.200765612416938133e+00
9.549925860214358408e+01,2.705333353348926106e+00,3.922157733844429561e+00,2.866487340032344022e+01,4.433977001789984884e-01,3.202039503295135869e+00
1.000000000000000000e+02,2.712670498780390460e+00,3.910521822615003362e+00,2.957235527646063744e+01,4.370469250088439561e-01,3.203276205275503052e+00
1.047128548050899610e+02,2.719919904107806818e+00,3.899107196481952364e+00,3.050813792069236996e+01,4.307752339027547395e-01,3.204476763969229314e+00
1.096478196143185073e+02,2.727082259190025670e+00,3.887908911793473088e+00,3.147310343222407170e+01,4.245821799147094788e-01,3.205642198044658997e+00
1.148153621496882977e+02,2.734158260058310752e+00,3.876922160498896819e+00,3.246816141907205377e+01,4.184672914884996486e-01,3.206773499765640967e+00
1.202264434617413116e+02,2.741148608408296106e+00,3.866142265560344793e+00,3.349424985548727562e+01,4.124300740532663156e-01,3.207871635529734533e+00
1.258925411794167388e+02,2.748054011110661055e+00,3.855564676551320069e+00,3.455233596612425373e+01,4.064700115535432867e-01,3.208937546406002816e+00
1.318256738556407299e+02,2.754875179738523805e+00,3.845184965431893698e+00,3.564341713776734366e+01,4.005865679158051029e-01,3.209972148670030556e+00
1.380384264602885196e+02,2.761612830112968098e+00,3.834998822494308346e+00,3.676852185950843221e+01,3.947791884532080298e-01,3.210976334337479976e+00
1.445439770745927888e+02,2.768267680782543927e+00,3.825002051476579901e+00,3.792871066116436651e+01,3.890473013556476900e-01,3.211950970615439438e+00
1.513561248436207052e+02,2.774840456957453849e+00,3.815190569819217448e+00,3.912507723714602292e+01,3.833903183909205814e-01,3.212896904770731421e+00
1.584893192461113927e+02,2.781331883520829162e+00,3.805560399036850505e+00,4.035874929128051036e+01,3.778076370229759284e-01,3.213814958089913354e+00
1.659586907437559944e+02,2.787742689055604739e+00,3.796107665316878155e+00,4.163088972378992736e+01,3.722986409910435945e-01,3.214705930801402101e+00
1.737800828749376194e+02,2.794073604354022411e+00,3.786828595180634416e+00,4.294269769652797919e+01,3.668627015845436490e-01,3.215570601476316348e+00
1.819700858609982674e+02,2.800325362053424971e+00,3.777719512291821680e+00,4.429540976333532143e+01,3.614991787164806847e-01,3.216409727532562712e+00
1.905460717963248385e+02,2.806498696286396921e+00,3.768776834387718822e+00,4.569030103566488776e+01,3.562074219477535109e-01,3.217224045733370730e+00
1.995262314968879025e+02,2.812594342343171405e+00,3.759997070326008828e+00,4.712868638453883818e+01,3.509867714642339043e-01,3.218014272678210830e+00
2.089296130854038722e+02,2.818613036347715983e+00,3.751376817244190587e+00,4.861192167999580249e+01,3.458365590081984853e-01,3.218781105287795263e+00
2.187761623949551790e+02,2.824555514944750989e+00,3.742912757823922743e+00,5.014140506916230322e+01,3.407561087658645405e-01,3.219525221280352234e+00
2.290867652767772427e+02,2.830422515000306394e+00,3.734601657659006868e+00,5.171857829420867603e+01,3.357447382124473800e-01,3.220247279642138860e+00
2.398832919019489793e+02,2.836214773312815129e+00,3.726440362719702026e+00,5.334492805137635685e+01,3.308017589164946037e-01,3.220947921089241106e+00
2.511886431509579438e+02,2.841933026335437873e+00,3.718425796910284742e+00,5.502198739238147596e+01,3.259264773049330710e-01,3.221627768521586166e+00
2.630267991895381670e+02,2.847578009909810248e+00,3.710554959716455770e+00,5.675133716952743868e+01,3.211181953902916830e-01,3.222287427469620269e+00
2.754228703338166042e+02,2.853150459009724305e+00,3.702824923937548363e+00,5.853460752585903037e+01,3.163762114616278098e-01,3.222927486532336960e+00
2.884031503126605571e+02,2.858651107495822963e+00,3.695232833501351344e+00,6.037347943180743215e+01,3.116998207404466648e-01,3.223548517808005887e+00
3.019951720402016235e+02,2.864080687878876486e+00,3.687775901355937247e+00,6.226968626970482745e+01,3.070883160031641079e-01,3.224151077315382530e+00
3.162277660168379043e+02,2.869439931094304175e+00,3.680451407438337874e+00,6.422501546774880410e+01,3.025409881712163851e-01,3.224735705408425357e+00
3.311311214825910838e+02,2.874729566284290883e+00,3.673256696713329994e+00,6.624131018486451694e+01,2.980571268703354759e-01,3.225302927180992985e+00
3.467368504525317121e+02,2.879950320590753066e+00,3.666189177283043055e+00,6.832047104817063143e+01,2.936360209599632731e-01,3.225853252865161114e+00
3.630780547701014029e+02,2.885102918955426698e+00,3.659246318561238720e+00,7.046445794452857569e+01,2.892769590343757247e-01,3.226387178219733087e+00
3.801893963205612863e+02,2.890188083929277951e+00,3.652425649511602312e+00,7.267529186802372010e+01,2.849792298963255699e-01,3.226905184911287083e+00
3.981071705534973830e+02,2.895206535490145505e+00,3.645724756947140044e+00,7.495505682501270428e+01,2.807421230045804572e-01,3.227407740887162202e+00
4.168693834703354923e+02,2.900158990868216158e+00,3.639141283887707079e+00,7.730590179858077704e+01,2.765649288963429875e-01,3.227895300740128093e+00
4.365158322401661053e+02,2.905046164379084583e+00,3.632672927973421118e+00,7.973004277424570319e+01,2.724469395856508047e-01,3.228368306064844706e+00
4.570881896148751480e+02,2.909868767264756073e+00,3.626317439932446263e+00,8.222976482882015148e+01,2.683874489387653717e-01,3.228827185806809386e+00
4.786300923226385748e+02,2.914627507540898055e+00,3.620072622099274273e+00,8.480742428438126979e+01,2.643857530275758316e-01,3.229272356602304050e+00
5.011872336272724624e+02,2.919323089853020470e+00,3.613936326984720893e+00,8.746545092945302713e+01,2.604411504618472373e-01,3.229704223112478179e+00
5.248074602497723617e+02,2.923956215337808917e+00,3.607906455891742414e+00,9.020635030939581611e+01,2.565529427013975017e-01,3.230123178347920287e+00
5.495408738576247742e+02,2.928527581491246146e+00,3.601980957577370468e+00,9.303270608818442611e+01,2.527204343490346283e-01,3.230529603985790033e+00
5.754399373371567208e+02,2.933037882044336353e+00,3.596157826959762716e+00,9.594718248391667714e+01,2.489429334249587955e-01,3.230923870680563414e+00
6.025595860743575258e+02,2.937487806843845473e+00,3.590435103866614241e+00,9.895252678013476100e+01,2.452197516237411279e-01,3.231306338366191966e+00
6.309573444801930009e+02,2.941878041739489635e+00,3.584810871824406053e+00,1.020515719155460346e+02,2.415502045543715948e-01,3.231677356551236890e+00
6.606934480075957481e+02,2.946209268477211207e+00,3.579283256887367592e+00,1.052472391544233261e+02,2.379336119643547243e-01,3.232037264607148241e+00
6.918309709189362593e+02,2.950482164598021484e+00,3.573850426503831113e+00,1.085425408403123839e+02,2.343692979484442163e-01,3.232386392049267698e+00
7.244359600749897936e+02,2.954697403341734141e+00,3.568510588418324581e+00,1.119405832355370762e+02,2.308565911428445694e-01,3.232725058810279162e+00
7.585775750291835493e+02,2.958855653557151744e+00,3.563261989609741942e+00,1.154445694492994221e+02,2.273948249054184856e-01,3.233053575507945254e+00
7.943282347242812875e+02,2.962957579616298798e+00,3.558102915262019383e+00,1.190578024569946223e+02,2.239833374827080170e-01,3.233372243705023852e+00
8.317637711026709439e+02,2.967003841334297842e+00,3.553031687767703506e+00,1.227836882137514323e+02,2.206214721642149879e-01,3.233681356163156106e+00
8.709635899560805683e+02,2.970995093894107431e+00,3.548046665762881524e+00,1.266257388649952560e+02,2.173085774246931445e-01,3.233981197090387116e+00
9.120108393559096385e+02,2.974931987774765307e+00,3.543146243190904876e+00,1.305875760570374098e+02,2.140440070550235496e-01,3.234272042381114431e+00
9.549925860214358408e+02,2.978815168687203752e+00,3.538328848398066828e+00,1.346729343511329091e+02,2.108271202819671508e-01,3.234554159852865318e+00
1.000000000000000000e+03,2.982645277509586190e+00,3.533592943252353624e+00,1.388856647435686966e+02,2.076572818778616714e-01,3.234827809472091253e+00
